"TÍTULO ","AÑO ","MUNICIPIO "," MÉTODO ","INSTRUMENTOS ","POBLACIÓN  Y MUESTRA","CRITERIOS INCLUSIÓN  ESPECIFICAR CONDICIÓN DE SALUD ","CRITERIO DE EXCLUSIÓN ","TRASTORNO PSIQUIATRICO ","EDAD","MEDIA DE LA EDAD","POBLACIÓN ESTUDIO ","ESTADO CIVIL ","ÁREA URBANA / RURAL ","RESIDENCIA","SEXO BIOLOGICO ","ESCOLARIDAD ","OCUPACIÓN ","ESTRATO SOCIOECONOMICO ","FACTOR DE RIESGO POBLACIÓN ","COMORBILIDADES (OTRAS ENFERMEDADES ASOCIADAS) ","RESULTADOS ","CONCLUSIONES","DATOS ADICIONALES "
"Alta prevalencia de dos o más intentos de suicidio asociados con ideación suicida y enfermedad mental en Colombia en 2016","2016","Bogotá","Estudio trasversal 
descriptivo","Sistema de Vigilancia de Salud Pública (SIVIGILA) del Instituto Nacional de Salud.","Población: 
18.903 casos de intentos de suicidio.

Muestra:
18.763 reportes de intento de suicidio notificados al SIVIGILA.","Intentos de Suicidio en la base de datos del Sistema de Vigilancia de Salud Pública (SIVIGILA) del Isntituto Nacional de Salud. ","140 por falta de infomación relevante como edad, sexo y número de intentos de suicido. ","Suicidio ","0 - 10 años 123 (0.7%) 
11 - 20 años 8.603 (45,9%) 
21 - 30 años 5.491 (29.3%) 
31 - 40 años 2.450 (13,1%) 
>40 años (2.096 (11.2%)","25 años","Niños 
Adolescentes 
Jóvenes 
Adultos ","No describe","Área urbana
Área rural","Bogotá","Femenino: 11.738 (62,6%)
Masculino 7.025 (37.4%)","No describe","No describe","No describe","Problemas de pareja 7.418 (39.5%)
Diagnóstico de enfermedad grave 514 (2,7%)
Problemas económicos 12 (0,1%)
Problemas legales 3.920 (20.9%)","Depresión 6.673 (35.6%)
Trastorno afectivo bipolar 516 (2,8%)
Esquizofrenia 323 (1,7%)
Otros trastornos afectivos 1.800 (9.6%)
Otros trastornos psiquiátricos 2.419 (12,9%)","Del total de reportes, 11.738 (62,6%) corresponden al sexo femenino; la media de edad fue 25,0 (IC95%, 24,9-25,2) años; el 46% de todos los casos corresponden a personas entre 10 y 20 años. Refirieron 2 o más intentos de suicidio 5.734 (30,6%). Las prevalencias de alguna enfermedad mental y de ideación suicida persistente fueron del 48,5 y el 16,4% respectivamente.","Los pacientes con ideación suicida persistente tienen una probabilidad 4 veces mayor de hacer 2 o más intentos suicidas. Otros factores, como el uso de arma cortopunzante como mecanismo para ejecutar el intento y el antecedente de trastorno afectivo bipolar y/o depresión, también se asociaron con más de 1 intento de suicidio.","-"
"Factores de riesgo para ideación suicida en pacientes con trastorno depresivo en Colombia.","2013","Bogotá","Estudio descriptivo","Entrevistas semiestructuradas. 
Cuestionario de Salud y Desempeño en el Trabajo (Health and Work Performance Questionnaire [HPQ]), de la OMS; el Depression Outcomes Module, de la Universidad de Arkansas; el cuestionario de desenlaces socioeconómicos utilizado en el Proyecto Internacional de Depresión, y la Forma para desenlaces socioeconómicos del International Depression Project.","295 pacientes con diagnóstico de trastorno depresivo.","Se incluyó a pacientes entre los 18 y los 65 años, reclutados en 7 instituciones de 5 ciudades de Colombia, con diagnóstico de depresión mayor o depresión doble.","Se excluyó a pacientes que no estaban en capacidad de responder a la encuesta (por ejemplo, pacientes con retardo mental, psicosis activa u otro trastorno orgánico que afectara la memoria, la confiabilidad de los datos o la comunicación eficaz), pacientes con enfermedades de otro tipo con discapacidad permanente o que fuera factible que en el corto plazo (antes de un ano) ˜ pudieran fallecer. También, se excluyó a aquellos que no dieron su consentimiento informado para el seguimiento.","Suicidio ","Ideación Suicida Leve 
16 - 25 años 16 (32,00%) 
26 - 45 años 45 (36,00%)
>46 años 39 (36,45%)

Ideación Suicida Grave
16 - 25 años 14 (28,00%)
26 - 45 años 29 (23,20%)
>46 años 13 (12,15%)","40,1 años","Jóvenes 
Adultos ","Ideación Suicida Leve 
Soltero 31 (34,44%) 
Casado 30 (32,97%) 
Separado/divorciado 16 (32,65%) 
Viudo 6 (42,86%) 
Unión libre 16 (42,11%) 

Ideación Suicida Grave 
Soltero 20 (22,22%) 
Casado 15 (16,48%) 
Separado/divorciado 13 (26,53%) 
Viudo 2 (14,29%) 
Unión libre 7 (18,42%) ","Área urbana ","Medellín
Pasto
Ibagué
Cali
Bogotá","Ideación Suicida leve
Femenino: 67 (36,41%)
Masculino 33 (33,33%)

Ideación Suicida Grave
Femenino: 29 (15,77%)
Masculino 28 (28,28%)","Ideación Suicida leve
Ninguno 2 (66,67%)
Primaria 20 (33,90%)
Secundaria 39 (35,78%)
Técnico/tecnólogo 12 (41,38%)
Universitario 24 (33.33%)
Posgrado 2 (22,22%)

Ideación Suicida Grave
Ninguno 0 (0,00%)
Primaria 13 (22,03%)
Secundaria 34 (31,19%)
Técnico/tecnólogo 3 (10,34%)
Universitario 7 (9,72%)
Posgrado 0 (0,00%) ","Ideación Suicida leve
Trabajador 49 (37,69%)
Desempleado 14 (38,89%)
Estudiante 8 (38,10%)
Otras 22 (27,16%)
Incapacitado 6 (42,86%)

Ideación Suicida Grave
Trabajador 22 (16,92%)
Desempleado 16 (44,44%)
Estudiante 0 (0,00%)
Otras 16 (19,75%)
Incapacitado 3 (21,15%)
","SMLV
Ideación Suicida leve
< 1 SMLV 41 (33,88%)
1 o 2 SMLV 38 (40,43%)
3 o más SMLV 17 (29,82%)

Ideación Suicida Grave
< 1 SMLV 22 (18,18%)
1 o 2 SMLV 26 (27,66%)
3 o más SMLV 8 (14,04%)

","Ideación Suicida leve
Enfermedad seria, herida o agresión 26 (42,62%)
Pariente cercano con enfermedad seria, herida o agresión 17 (32,08%)
Muerte de familiar en primer grado 9 (40,91%)
Muerte de amigo u otro pariente 17 (30,36%)
Divorcio/separación 20 (36,36%)
Tèrmino de relación amorosa estable 24 (37,50%)
Problema serio con vecino o amigo 19 (33,33%)
Perdió su empleó o buscó por más de un mes 12 (26,67%)
Despedido del trabajo 10 (55,56%)
Gran crisis financiera 28 (32,94%)
Problemas con la justicia o legales 4 (36,36%)
Pérdida o robo de posesión valiosa 12 (36,36%)

Ideación Suicida Grave
Enfermedad seria, herida o agresión 9 (14,75%)
Pariente cercano con enfermedad seria, herida o agresión 8 (15,09%)
Muerte de familiar en primer grado 2 (9,09%)
Muerte de amigo u otro pariente 8 (14,29%)
Divorcio/separación 13 (23,64%)
Tèrmino de relación amorosa estable 12 (18,75%)
Problema serio con vecino o amigo 9 (15,79%)
Perdió su empleó o buscó por más de un mes 8 (17,78%)
Despedido del trabajo 2 (11,11%)
Gran crisis financiera 11 (12,94%)
Problemas con la justicia o legales 1 (9,09%)
Pérdida o robo de posesión valiosa 5 (15,15%)","Ideación Suicida leve
Hipertensión arterial 10 (31,25%)
Diabetes mellitus 2 (33,33%)
Atritis 6 (46,15%)
Enfermedad coronaria/infarto 2 (40,00%)
Asma/enfermedades pulmonar obstructiva crónica 1 (20,00%)
Gastritis 29 (34,52%)
Enfermedad tiroidea 12 (36,36%)
Enfermedad oncològica 0 (0,00%)
Epilepsia 2 (22,22%)
Infecciòn por VIH 4 (50,00%)

Ideación Suicida Grave
Hipertensión arterial 3 (9,38%)
Diabetes mellitus 1 (16,67%)
Atritis 2 (15,38%)
Enfermedad coronaria/infarto 0 (0,00%)
Asma/enfermedades pulmonar obstructiva crónica 0 (0,00%)
Gastritis 13 (15,48%)
Enfermedad tiroidea 4 (12,12%)
Enfermedad oncològica 0 (0,00%)
Epilepsia 3 (33,33%)
Infecciòn por VIH 0 (0,00)","En el análisis de las asociaciones con variables demográficas y clínicas se observó una relación significativa entre la ideación suicida con las variables de género, ingreso económico, ocupación, consumo de alcohol en el último mes, consumo de cigarrillo en el último mes, salud física, salud mental, comorbilidad con distimia y sitio del tratamiento. No se encontró asociación con comorbilidades médicas informadas.","La ideación suicida es altamente prevalente en pacientes con diagnóstico de trastorno depresivo mayor. Dentro de los factores de riesgo se incluyen elementos de dominio tanto clínico como psicosocial, que deben ser abordados con mayor cautela en pacientes con este diagnóstico, especialmente al momento de hacer una evaluación de riesgo. La ideación suicida, independientemente de su nivel de gravedad, está relacionada con una percepción negativa de su estado de salud mental y, por lo tanto, con el estado global del paciente.","Miden la salud fìsica:
Muy buena/buena - Regular - Mala/muy mala
Salud mental: 
Muy buena/buena - Regular - Mala/muy mala - diagnóstico de trastorno de pánico -Dx de trastorno de ansiedad generalizada - Dx de depresión doble. 
"
"Ideación suicida y funcionalidad familiar en adolescentes del caribe colombiano","2020","Caribe ","Estudio descriptivo correlacional, de corte no experimental y transversal.","Escala de Ideación Suicida del Centro de Estudios Epidemiológicos en Depresión (CES-D- IS) 
Escala de Funcionamiento Familiar (APGAR familiar)","435 adolescentes (hombres y mujeres) entre 12 y 17 años de edad.","Adolescentes (hombres y mujeres) entre 12 y 17 años de edad, escolarizados en Instituciones Educativas públicas y privadas, localizados en el Departamento del Atlántico, en Barranquilla y su área metropolitana.","No describe","Suicidio ","12 - 17 años ","14,91 años","Adolescentes","No describe","Área urbana.","Atlántico, Barranquilla.","Femenino: 240 (55,2%)
Masculino 195 (44,8%)","Nivel de escolaridad medio de 9,17 (1,09%)","Estudiantes ","Estratificación socioeconómica media de 1,57 (0,75%)","Funcionalidad familiar presencia de ideación suicida en los adolescentes participantes fue mayor en el género femenino (69,7%) que el asociado al género masculino (30,3%).

La victimización (abuso sexual en la niñez, bullying escolar y social, apoyo parental percibido, orientación sexual y violencia sexual entre parejas) puede ayudar a explicar la mayor probabilidad de ideación suicida en el género femenino","No describe"," Uno de los hallazgos más relevantes que aporta este estudio es la correlación positiva significativa entre la funcionalidad familiar y la alerta o riesgo de ideación suicida. Esto indica que a mayor disfuncionalidad familiar, aumenta la probabilidad de que los individuos manifiesten mayor riesgo de ideas suicidas. Efectivamente el riesgo de comportamiento suicida fue significativamente más alto entre mayor era la disfunción familiar por lo que se afirma que existe correlación significativa entre funcionamiento familiar e ideación suicida en relación inversa, es decir, los evaluados que presentan menor funcionamiento familiar tienden a presentar mayor ideación suicida y viceversa. "," A mayor disfuncionalidad familiar existe un mayor riesgo de ideación suicida. Se discute el papel de la familia como factor protector o como posible factor de riesgo para disponer a los jóvenes hacia el suicidio.","Implementación de APGAR familiar observando una relación en ambos sentidos entre trastornos mentales y funcionamiento familiar y de ello se
podría inferir que la familia, los padres y sus estilos de crianza influyen en la concepción de ideas suicidas en los hijos. "
"Exposición a la violencia e ideación suicida en estudiantes universitarios de Santa Marta, Colombia","2021","Santa Marta","Estudio cuantitativo, analítico y transversal.","Escala de exposición a la violencia, compuesta por 21 ítems que miden la exposición a la violencia en cuatro contextos: colegio, calle, casa y televisión.
Escala de ideación suicida de Roberts, conformada por cuatro ítems que evalúan la frecuencia de ideaciones suicidas durante la última semana.","1.647 estudiantes universitarios entre 16 y 24 años.","Estudiantes universitarios entre 16 y 24 años de estrato medio-bajo de una universidad de Santa Marta.","No describe","Suicidio ","16 - 20 años 1,17","16 - 20 años","Adolescentes 
Jóvenes","No describe","Área urbana  ","Santa Marta","Femenino 1,26%","Universitarios 1647 (100%)","Universitarios 1647 (100%)","Estrato (medio-bajo) 0,92%","Exposición a la violencia 
 El 5,7 % de los participantes reportó alta exposición a la violencia directa en el colegio, 3,3 % en la calle y 7,8 % en casa. El 36,5 % manifestó alta EAV indirecta en el colegio, 55,4 % en la calle y 8,1 % en casa. El 74,9 % reportó alta exposición a la violencia en la televisión. ","No describe","La prevalencia de ideación suicida en los estudiantes universitarios fue de 28,3 %. El 5,7 % de los participantes reportó alta exposición a la violencia directa en el colegio, 3,3 % en la calle y 7,8 % en casa. El 36,5 % manifestó alta EAV indirecta en el colegio, 55,4 % en la calle y 8,1 % en casa. El 74,9 % reportó alta exposición a la violencia en la televisión. 
","La exposición a la violencia en el colegio y en la casa, de forma directa e indirecta, son factores de riesgo para la ideación suicida en estudiantes universitarios.","-"
"Ideación suicida y factores asociados en un grupo de policías de Pereira - Colombia","2012","Pereira","Estudio observacional analítico, de tipo transversal."," Cuestionario ISO 30 (Inventory of Suicide Orientation), la cual busca medir el riesgo que puede tener un individuo de cometer suicidio.","137 miembros de la Policía Nacional de Colombia ","Miembros de la Policía Nacional de Colombia, adscritos a la Seccional de Investigación Criminal de la Policía Metropolitana de Pereira.","No describe","Suicidio ","21 - 25 años 59 (43,4%)
26 - 30 años 45 (33,1%)
31 - 45 años 32 (23,5%)","27,4 años","Jóvenes
Adultos ","Casado 30 (21,9%)
Separado 5 (3,6%)
Soltero 76 (55,5%)
Unión libre 26 (19,0%)","Área urbana.","Pereira","Masculino 137 (100%)","Bachiller 79 (58,5%)
Profesional 4 (3,0%)
Técnico 52 (38,5%)","Policías 137 (100%)","No describe ","Se encontró una asociación estasdísticamente significativa entre la ideación alta y el no vivir acompañado de alguien más.

Intento precio de suicidio 
Si 4 (3,0%)
No 130 (97,0%)

Vives acopañado de otra persona 
Si 110 (0.8%)
No 27 (19,7%)","No describe","Se encontró que el 2,9% de los policías, tienen uno o más intentos de suicidios. Dicho intento se realizó, en promedio, a los 15,7 años de edad. Al analizar la ideación suicida, se halló que 91% presenta un nivel bajo; 6% medio y 3% puntuó alto. 

Al revisar la distribución de la ideación suicida en las variables analizadas, se encontró que los valores altos solo se encuentran en: los que tienen entre 21 y 30 años de edad, aquellos que como máximo han realizado estudios de bachillerato, entre casados y solteros, los que en la actualidad no estudian, y entre quienes llevan vinculados entre 15 y 110 meses con la institución. Sobresalió que el 25% de quienes han hecho intento de suicidio previo tienen ideación alta, y el 11,1% entre aquellos que viven solos.","Se recomienda que en próximas investigaciones se indaguen otras variables asociadas a la ideación e intento suicida; para el caso de los policías, sería muy valioso indagar por los niveles de depresión, la exposición a situaciones estresantes, el haber recibido heridas de consideración o haber prestado servicio en zona de conflicto, entre otras. Además, se recomienda el empleo de muestras más grandes, que permitan indagar por mayores asociaciones, como también que la muestra incluya a mujeres. ","-"
"Factores asociados con la ideación suicida del adulto mayor en tres ciudades de Colombia, 2016","2016","Medellín","Estudio analítico transversal.","Encuesta Nacional de Salud Mental informa que la prevalencia de ideación suicida en personas mayores ","Población:
1.514 adultos mayores. 

Muestra:
1.463 adultos mayores.","Adultos mayores de 0 más años residentes en las zonas urbanas de Medellín, Barranquilla y Pasto","Adultos mayores con deterioro cognitivo","Suicidio ","60 - 74 años 425.935 (76,4%)
75 - 89 años 116.812 (21%)
90 - 100 años 14.537 (2,6%)","< 69 años","Adultos mayores","Soltero 291.493 (52,3%)
Con pareja 265.793 (47,7%)","Área urbana","Medellín
Barranquilla
Pasto","Femenino 324.444 (58,2%)
Masculino 232.841 (41,8%)","Ninguno 54.298 (9,7%) 
Primaria 303.436 (54,4%) 
Secundaria 153.464 (27,5%)
Estudios superiores 46.088 (8,3%)","Ama de casa 297.595 (53,4%)  
Empleado formal 11.550 (2,1%)
Empleado informal 64.310 (11,5%) 
Comerciante 23.896 (4,3%) 
Ninguno 159.959 (28,7%)","Bajo 356.973 (64,1%) 
Medio 186.053 (33,4%)
Alto 14.235 (2,6%)","Amenaza de ser llevado a un asilo 22 (1,5%) 
Lo han dejado solo 151 (10,3%) 
Maltrato 143 (9,8%) 
Maltrato físico 35 (2,4%)
Maltrato psicológico 119 (8,1%)
Negligencia 30 (2,1%)
Maltrato económico 19 (1,3%) 
Maltrato sexual 2 (0,1%)
Discriminación 202 (13,8%)","Depresión 
Riesgo de depresión 32 (34,0%)
Sin riesgo de depresión 62 (66,0%)

Hábitos
Cigarrillo 56 (59,6%) 
Alcohol 47 (50,0%) 
Sustancias psicoactivas 6 (6,4%) 

Discapacidad 
Con alguna discapacidad 62 (66,0%) 
Sin discapacidad 32 (34,0%) 

Calidad de vida 
Insatisfecho 29 (30,9%)
Satisfecho 65 (69,1%) 

Salud
Insatisfecho 37 (39,4) 
Satisfecho 57 (60,6) 

Felicidad 
Infeliz 10 (10,6%)
Feliz 84 (89,4%)"," La prevalencia de ideación suicida fue del 6,4%; el 28,7% de estos había hecho planes para terminar con su vida y el 66,7% lo había intentado al menos una vez. Se encontró asociación estadística con el empleo informal, el consumo de cigarrillos, alcohol y sustancias psicoactivas, el riesgo de depresión, tener discapacidad, la insatisfacción con la calidad de vida, la salud y la situación económica, sentirse infeliz, los maltratos y las malas relaciones entre los miembros de la familia, el escaso apoyo social, el maltrato sexual y económico y, por último, la discriminación.","Se identificaron los factores asociados con la ideación suicida de la población adulta mayor de 3 ciudades de Colombia. El maltrato sexual es la característica que más expone a los mayores a pensamientos suicidas, hallazgo de gran importancia: el adulto mayor que sufre abuso sexual puede sentirse vulnerable ante esta situación, pues la mayoría de las veces sus victimarios son personas cercanas o miembros de su familia que se aprovechan de su falta de autonomía; este maltrato se presenta por la exigencia de relaciones sexuales o tocamiento de los genitales del adulto mayor sin su consentimiento.","- "
"Intento suicida y factores asociados en dos instituciones de Cali – Colombia","2018","Cali ","Estudio observacional de corte transversal","Historias clínicas y fichas de notificación de intento suicida ","210 casos atendidos en dos Instituciones de Salud de Cali. ","Intentos de Suicidio en la base de datos del Sistema de Vigilancia de Salud Pública (SIVIGILA) del Instituto Nacional de Salud. ","No describe","Suicidio ","10 - 19 años 63 (30,0%)
20 - 29 años 68 (32,4%)
30 - 39 años 47 (22,4%)
40 o más años 32 (15,2%)","28 años","Niños 
Adolescentes 
Adultos","Soltero 132 (62.9%) 
Casado 17 (8.1%) 
Unión Libre 38 (18.1%) 
Separado 20 (9.5%) 
Viudo 3 (1.4%) ","Área urbana","Cali","Femenino 134
Masculino 76","No describe ","Sin trabajo 52 (24.7%)
Estudiante 61 (29.1%)
Empleado 38 (18.1%) 
Militar 5 (2.4%)
Hogar 21 (10.0%)
Pensionado 2 (1.0%)
Oficios varios 25(11.9%)
Independiente 6 (2.9%)
","No describe ","Ruptura sentimental 76 (36.2%)
Baja autoestima 28 (13.3%)
Disfunción familiar 28 61 (29.1%)
Problema financiero 27 (12.9%)
Desempleo 17(8.1%)

","No describe","La edad media fue 28 años predominando mujeres con 63.81%, especialmente estudiantes en 29.05%. Depresión es la enfermedad mental presente con 43.33%. Ruptura sentimental con 36.19%, es el factor desencadenante. Intoxicación con 70.95% (IC 95% 64.31% - 76.99%), el mecanismo más utilizado. 82.38% lo intentaron por primera vez. Trastornos adaptativos, OR de 9.41, bajo rendimiento académico OR de 11.05, disfunción familiar OR de 3.15, consumo de benzodiacepinas OR de 4.62 y consumo de cocaína en hombres, OR de 5.5 fueron factores de riesgo. 
","Se puede evidenciar que el fenómeno del intento suicida tiene un comportamiento de género, siendo las mujeres jóvenes las que más acuden a esta práctica como método de resolución de problemas de pareja; en algunos casos también están los relacionados con vacíos afectivos que provocan la disfunción familiar, los cuales actúan también como factores de riesgo. 

Es necesario implementar el sistema de vigilancia epidemiológica de conducta suicida acorde a la Ley 1616 de 2013, con base en factores desencadenantes y de riesgo identificados, brindar elementos para la formulación de políticas públicas encaminadas al mejoramiento de la convivencia social y la salud mental.","Mecanismos para el intento suicida:

Intentos previos 37 (17.6%)

Mecanismos
Arma corto punzante 42 (20.0%) 
Arma de fuego 1 (0.48%)
Ahorcamiento 11 (5.2%)
Intoxicación 149 (71.0%)
"
"Riesgo suicida y factores asociados en adolescentes de tres colegios de la ciudad de Manizales (Colombia), 2013 ","2013","Manizales"," Estudio de corte transversal analítico","Escala de riesgo suicida de Plutchik. 
APGAR familiar
Escala de autoestima de Rosenberg
Cuestionario Scoff
Cuestionario Cage
Escala de Cisneros
Escala de Birleson","Población
731 estudiantes 

Muestra 
322 estudiantes"," Estudiantes de tres colegios de Manizales (Colombia), que cursaban los grados octavo a once de secundaria.","No describe ","Suicidio ","No describe ","15,28 años","Adolescentes","No describe","Área urbana","Manizales","Femenino 50%
Masculino 50%
","Secundaria 322 (100%)","Estudiantes 322 (100%)","Estrato 2 124 (38.8%)","Suicidio 
53 (16,5%)

Alcoholismo 
No consumo 114 (35.4%)
No dependencia 88 (27.3%)
Indicio de problema 82 (25.5%)
Dependencia alcohólica 38 (11.8%)

APGAR familiar
Disfunción leve 97 (30.1%)
Disfunción moderado 58 (18%)
Disfunción severa 43 (13.4%)

Autoestima 
Baja 63 (19.6%)
","Depresión 58 (18%)
Trastornos de la conducta alimentaria 75 (23,3%)
","El 16.5% de los estudiantes presentó riesgo suicida; el acoso entre pares manifestó un índice de intensidad entre alta y muy alta de 58.1%; el 38.5% de la población tuvo buena funcionalidad familiar; el 18% presentó depresión; la baja autoestima se encontró en 19.6%; el 11.8% evidenció dependencia alcohólica; el 23.3% mostró trastorno de conducta alimentaria, y el consumo de sustancias psicoactivas y cigarrillo fue de 31.4% y 13.4%, respectivamente. Los siguientes factores asociados presentaron relación significativa con riesgo suicida: funcionalidad familiar, depresión, dependencia alcohólica, autoestima, trastornos de conducta alimentaria, acoso escolar, consumo de cigarrillo y consumo de sustancias psicoactivas.","Se encontró un nivel de riesgo suicida según Plutchik superior al de otras poblaciones similares. Sobresalieron la depresión y la disfuncionalidad familiar como factores asociados. Un hallazgo muy importante fue que el acoso entre pares aumenta en gran proporción el riesgo suicida. No se encontró ninguna relación entre riesgo suicida y estrato social. ","-"
"Factor de riesgo suicida según dos cuestionarios, y factores asociados en estudiantes de la universidad nacional de Colombia sede Manizales","2014","Manizales ","Estudio de corte transversal","Escala de desesperanza de Beck
Escala de riesgo suicida de Plutchik
APGAR familiar
Escala de Zung para la depresión
Escala de Cage para el consumo de alcohol.","255 estudiantes"," Estudiantes de 3 facultades de la Universidad Nacional, sede Manizales (Manizales, Colombia), comprendidos entre 1 y 10 semestre.","Estudiantes que no diligenciaran el consentimiento informado antes de realizar el cuestionario. ","Suicidio ","No describe ","20,8 años ","Jóvenes 
Adultos","No describe ","Área urbana 
Área rural","Manizales ","Femenino 160 (62,7%)
Masculino 85 (37,3%)","Universitarios 255 (100%)","Estudiantes 255 (100%)","Estrato 1 17 (6,7%)
Estrato 2 44 (17,3%)
Estrato 3 117 (45,9%)
Estrato 4 48 (18,8%)
Estrato 5 13 (5,1%)
Estrato 6 16 (6,3%)","Funcionalidad familiar
Buena función familiar 101 (39,8%)
Disfunción leve 92 (36,2%)
Disfunción moderada 38 (15%)
Disfunción severa 23 (9,1%)

Alcoholismo 
No dependiente 101 (39,8%)
Dependiente alcohólico 92 (36,2%)
Indicio de problemas 54 (21,2%)

Consumo de sustancias
Sí 12 (4,7%)
No 242 (95,3%)

Deporte 
Sí 136 (52,9%)
No 120 (47,1%)



","Nivel de depresión 
Depresión ausente 142 (55,7%)
Depresión subclínica 107 (42%)
Depresión media severa 6 (2,4%)","Se observa que un 19,7% presenta algún nivel de riesgo suicida, según Beck; 6,7%, según Plutchik. Un 39,8% presenta una buena funcionalidad familiar; un 36,2%, dependencia alcohólica; y el 44,4% presenta algún nivel de depresión. Al 58,8% le gusta la música; el 52,9% practica deporte; y el 75,3% tiene algún tipo de creencia religiosa.","Se puede concluir que la población de estudiantes de la Universidad Nacional, sede Manizales, presenta una proporción baja de fr para suicidio, comparada con otras poblaciones de jóvenes universitarios, y que este factor de riesgo está asociado principalmente a estudiantes mujeres que no practican deporte, que presentan depresión, disfunción familiar y gusto por el género musical metal.

De acuerdo con los resultados encontrados, e importante que Bienestar Universitario siga trabajando en programas que promuevan la construcción y fortalecimiento de factores protectores contra el suicidio en los estudiantes, como son la práctica de un deporte, el desarrollo de actividades extraacadémicas, así como el acompañamiento psicológico que se dé a los estudiantes para
prevenir trastornos depresivos

","Relacionan el género musical y la práctica de algún deporte como un factor protector para prevenir el sucidio en los jóvenes. 

Riesgo suicida 
Practicar deporte 
Sí 5 (3,7%)
No 12 (10%)"
"Violencia autoinfligida: intento de suicidio, suicidio y creencias actitudinales sobre el comportamiento suicida, Casanare-Colombia, 2013-2017
","2020","Bogotá","Estudio descriptivo retrospectivo de corte transversal"," Sistema Nacional de Vigilancia en Salud pública (Sivigila)","170 cuestionarios ","Casos notificados al SIVIGILA por intento de suicidio ",". Se excluyeron individuos menores de 10 años, que no quisieran contestar o que llevaran menos de un año viviendo en el barrio.","Suicidio ","10 - 19 años 40 (24%)
20 - 29 años 38 (22%)
30 - 39 años 32 (19%)
40 - 49 años 27 (16%)
50 - 59 años 19 (11%)
60 o más años 14 (8%)","35 años ","Niños 
Adolescentes
Jóvenes
Adulto
Adulto mayor
","Soltero 137 (58,3%)
Casado/unión libre 86 (36,6%)
Viduo/separado/divorciado 12 (5,1%)","Área urbana 
Área rural","Casanare","Femenino 103 (60,7%)
Masculino 67 (39,3%)","Preescolar 2 (1,0%)
Básica primaria 62 (31,2%)
Básica secundaria 99 (49,7%)
Técnica/tecnológica 25 (12,6%)
Profesional 5 (2,5%)
Ninguno 6 (3,0%)","Trabajadores de los servicios/vendedores 8 (14,0%)
Trabajadores y obreros agropecuarios/forestales/pesqueros 6 (10,5%)
Trabajadores no calificados 3 (5,3%)
Fuerza pública y operadores de máquinas/ensambladores 2 (3,5%)
Estudiantes y hogar 3 (5,3%)
Desempleado 1 (1,8%)
Sin información 28 (49,1%)","No describe ","Conflictos recientes con la pareja 202 (45,1%)
Problema legal 54 (12,1%)
Problema económico 33 (7,4%)
Maltrato físico 19 (4,2%)
Ecolar/educativa 16 (3,6%)
Enfermedad crónica/dolorosa/discapacitante 11 (2,5%)
Problema laboral 7 (1,6%)
Suicidio de un familiar 6 (1,3%)","Trastorno depresivo 117 (26,1%)
Antecedentes de trastorno psiquiátrico 69 (15,4%)
Ideación suicida persistente 63 (14,1%)
Consumo de SPA 54 (12,1%)
Antecedentes familiares de conducta suicida 14 (3,1%)
Trastorno bipolar 12 (2,7%)
Esquizofrenia 11 (2,5%)
Trastorno personalidad 8 (1,8%)
Pacto suicida 3 (0,7)","Después de depurar la base de datos se contó con un total de 448 casos notificados de intento de suicidio, 197 (44,0%) en 2016 y 251 (56,0%) en 2017; notificados por el 84,2% (16/19) de los municipios del departamento; 365 (81,5%) del área urbana, 83 (18,5%) del área rural; (60,7%) mujeres y 39,3%) hombres; edad promedio 25, mínima 9 y máxima 76 años; por grupo etario: 1 (0,2%) < 10, 175 (39,1%) de 10-19, 158 (35,3%) de 20-29, 59 (13,2%) de 30-39, 33 (7,4%) de 40- 49, 14 (3,1%) de 50-59 y 8 (1,8%) de 60 y más años; 321 (71,7%) fueron acompañados, 130 (29,0%) con intentos previos, 235 (52,5%) con dato de estado civil, 199 (44,4%) con el dato de escolaridad, el 50,5% (153/303) con el dato del tipo de sustancia química utilizada para intoxicarse.","La tasa de incidencia departamental superó la nacional en 2016-2017; la mitad de los casos ocurren en Yopal y afectan más a mujeres y adolescentes. Esas violencias constituyen “problema social objeto de intervención en salud pública” es menester promocionar capacitación e integración societal/institucional, trabajo comunitario/intersectorial y pesquisa e investigación temáticas.","-"
"Intento de suicidio en Colombia: un estudio de los factores asociados a la intoxicación intencionada. 2007-2017","2022","Bogotá"," Estudio analítico - transversal"," Sistema Nacional de Vigilancia en Salud pública (Sivigila)","52.188 participantes","Intoxicaciones autoinfligidas con plaguicidas en personas mayores de 10 años","No describe ","Suicidio ","10 - 20 años 22.315 (42,8%)
21 - 40 años 23.121 (44,3% )
41 - 65 años 6.746 (12,9%)
","No describe ","Niños 
Adolescentes
Jóvenes
Adulto
Adulto mayor
","No describe ","Área rural 
Área urbana ","Bogotá ","Femenino 24.020 (46,0%)
Masculino 28.168 (54,0%)","Educación primeria 22.925 (44,6%)
Educación media 28.001 (54,5%)
Educación tercearia 475 (0,9%)","No describe","No describe ","Hombre 24.020 (46,0%)
Urbano 38.475 (73,7%)
Adolescencia 22.315 (42,8%)
Adultes temprana 23.121 (44,3%)","No describe ","Al profundizar en los factores sociales asociados con la intoxicación autoinfligida por plaguicidas en Colombia se evidencia que los hombres tienen un riesgo de fallecer por suicidio de 1.39 más veces que las mujeres. Con respecto al régimen de afiliación en salud, las personas no aseguradas tienen un riesgo de fallecer de 1.33 más veces con respecto a los que cometen un intento de suicidio y sobreviven. Por otro lado, para la mortalidad por suicidio se identificaron los siguientes factores asociados a la supervivencia (intentos de suicidio no consumados): en primer lugar, el área de residencia urbana. En segundo lugar, la edad: el grupo adolescente y el grupo de adultez temprana.","Desde una perspectiva global, el comportamiento general de las prevalencias de acuerdo con el sexo no refleja las tendencias generales del intento de suicidio; al analizar únicamente la intoxicación autolesiva por plaguicidas, no existen diferencias significativas entre mujeres versus hombres. 

Al analizar la mortalidad por suicidio asociada a la intoxicación por plaguicidas, los hombres son identificados y caracterizados como el grupo de mayor riesgo.
De acuerdo con lo anterior, existen grupos de riesgo, como los hombres, que siguen tendencias generales (todos los métodos) similares a estudios realizados a nivel mundial, lo cual podría ser un llamado de atención a los planeadores de programas de salud pública, clásicamente orientados a la promoción de comportamientos protectores hacia población femenina y no masculina.","-"
"Epidemiología del intento suicida en menores de 18 años atendidos en el Hospital Infantil los Ángeles, Pasto, Colombia","2018","Pasto","Estudio observacional, descriptivo","Instrumento APGAR
Se diseñó un instrumento de recolección de información tipo encuesta de 37 preguntas de opciones cerradas, para obtener los datos de las historias clínicas sistematizadas.","151 historias clínicas de menores de 18 años","Pacientes menores de 18 años de ambos sexos que ingresaron con diagnóstico de INSU."," Pacientes que no tuvieran todos los datos dispuestos en el instrumento e información incompleta en la historia clínica. ","Suicidio ","10 - 24 años 151 (100%)","14,7 años","Niños 
Adolescentes 
Jóvenes ","No describe","Área urbana 
Área rural ","Centro
Norte 
Pacífico
Putumayo","Femenino 112 (74,2%)
Masculino 39 (25,8%)","Ninguno 20 (13,2%)
Primaria 11 (7,3%)
Secundaria 115 (76,2%)
Técnico 5 (3,3%)","No describe ","No describe","Relación familiar 
Funcional 58 (38,4%)
Disfuncional 93 (61,6%)

Maltrato infantil 
No 136 (90,1%)
Si 15 (9,9%)

Antecedente de abuso sexual
No 143 (94,7%)
Si 8 (5,3%)

Problemas de pareja 
No 132 (87,4%)
Si 19 (12,6%)

Bullying 
No 145 (96%)
Si 6 (4%)

Antecedente familiar de intento suicida o suicidio
No 142 (94%)
Si 9 (6%)

Problemas académicos
No 89 (58,9%)
Si 62 (41,1%)

Intento de suicidio previo
No 96 (63,6%)
Si 55 (36,4%)","Depresión 
No 80 (53%)
Si 71 (47%)

Trastorno bipolar 
No 147 (97,4%)
Si 4 (2,6%)

Esquizofrenia 
No 149 (98,7%)
Si 2 (1,3%)

Consumo de SPA
No 117 (77,5%)
Si 34 (22,5%)","El porcentaje de niños de sexo masculino que manifestaron el intento suicida fue del 25,8%; el 74,2 % (112) pertenecían al sexo femenino. En cuanto a la procedencia el 82,8% (125) de los casos pertenecían a la zona urbana y la mayor parte de esta población con un 89,4% residía en la subregión del centro del departamento de Nariño con la mayor cantidad de individuos en la capital (Pasto). La mayoría de los menores de edad con INSU estaban adscritos al Sistema General de Seguridad Social en Salud, predominando el régimen subsidiado con el 79,5% (120), se encontró otro tipo de cobertura en salud como régimen contributivo con un menor porcentaje (20,5%). Con respecto al nivel educativo el 76,2% de los pacientes cursaba secundaria, y el 13,2% de esta población no cursaba ningún grado escolar.

El 61,6% (58) de los pacientes con intento suicida tenía un ambiente familiar disfuncional; de acuerdo a la definición establecida previamente por el grupo de psicología del Hospital infantil Los Ángeles, basado en la aplicación del instrumento APGAR.","Si bien el diseño del estudio presenta resultados descriptivos, vale la pena destacar las altas frecuencias de características que pueden mostrar el vínculo del ambiente social y familiar con el intento suicida, razón por la cual los diseños de estudios futuros podrían enfocarse en esclarecer estos factores y así evaluar la necesidad de trabajar de manera oportuna y eficaz en programas de salud pública que incluyan el fortalecimiento de la estructura familiar y la identificación temprana del riesgo suicida en escenarios como el hogar, la escuela y centros de salud.","-"
"Caracterización Psiquiátrica y Social del Intento Suicida Atendido en una Clínica Infantil, 2003-2005","2007","Bogotá","Análisis estadístico univariado y bivariado."," Casos, edad entre 11 y 18 años, atendidos por intento suicida en la Clínica Infantil de Colsubsidio.","96 casos"," Casos, edad entre 11 y 18 años, atendidos por intento suicida en la Clínica Infantil de Colsubsidio.","No describe","Suicidio ","< 14 años 25 (26%)
15 años 21 (21%)
16 años 24 (25%)
17 años 18 (19%)
18 años 9 (9%)
","16 años","Niños 
Adolescentes ","No describe ","Área urbana ","Bogotá","Femenino 70 (81,4%)
Masculino 26 (18,6%)","No describe ","Estudiantes 96 (100%)","Bajo 53 (63,1%)
Medio 27 (32,1%)","Familiares 102 (123%)
Conflictos familiares 47 (58,8%)
Maltrato físico 18 (20%)
Maltrato psicológico 15 (16,6%)
Duelo por muerte de Familiar 11 (13,8%)
Abuso sexual 7 (8,8%)
Económicos 4 (5%)
Relaciones 46 (53,8%)
Problema sentimental 33 (37,5%)
Embarazo 4 (5%)
Rechazo del grupo de pares 6 (7,5%)
Suicidio de un par 3 (3,8%)
Problemas Escolares 23 (28,8%)","Trastorno adaptativo 42 (50%)
Disfunción familiar 32 (38%)
Depresión u otro trastorno del afecto 15 (18%)
Trastorno del control de Impulsos 7 (8%)
Retardo mental 2 (2%)
Pobreza 1 (1 %)","Se encontró que 87,9 % (n=80) de las 91 historias con información, incluía al menos un evento estresante en la vida de los jóvenes. Los estresantes provenían del ambiente familiar, las relaciones sentimentales, los pares y el colegio, cada joven tuvo mínimo dos eventos estresantes. Hubo 3 casos de pares suicidas, 2 de ellos murieron; los suicidios de los pares ocurrieron el mismo año del intento suicida del caso relacionado. Todos los casos de maltrato tenían al agresor en la familia. Hubo 40 situaciones de maltrato físico, psicológico o sexual, algunos jóvenes sufrieron más de un tipo de maltrato.","Algunos FR pueden ser objeto de programas de prevención; se encontró que los hombres tenían agresividad como emoción predominante, consumo habitual de alcohol y otras sustancias, y pérdidas sentimentales o escolares; la agresividad se ha encontrado en hombres de otros estudios; a su vez, los intentos de las niñas se asociaron con maltrato físico y ansiedad, esto es modificable con programas de educación y prevención en salud. Identificar factores modificables es el paso previo a la implementación de programas de prevención que apoyen la función protectora de la infancia en la
familia, la escuela y la sociedad.","-"
"Riesgo suicida y factores relacionados en estudiantes de 6 a 11 grado en colegios de la ciudad de Manizales 2007 - 2008","2009","Manizales","Estudio de corte transversal."," Escala de Riesgo Suicida de R. Plutchik y HM Van
Escala de Desesperanza de Beck 
Escala Hospitalaria de Ansiedad y Depresión Hospitalaria
Cuestionario de Alcoholismo de Cage","354 alumnos de la jornada diurna 
"," Alumnos de la jornada diurna de 4 colegios de Manizales, que cursan los grados 6 a 11 y matriculados en los años 2007 y 2008.","No describe ","Suicidio ","8-14 años 147 (58.5%)
15-17 años 185 (38,1%)
18-20 años 12 (3,4%)","14 años","Niños 
Adolescentes
Jóvenes","No describe ","Área urbana","Manizales","Femenino 153 (43,2%)
Masculino 201 (56,8%)","No describe ","Estudiantes 354 (100%)","Estrato 1-2 108 (31,9%)
Estrato 3-4 212 (62,8%)
Estrato 5-6 18 (5,4%)","Fuma
Si 54 (15,3%)
No 299 (84,7%)

Drogas
No 322 (91,2%)
Si 31 (8,8%)

Desamor
Si 85 (24,2%)
No 266 (75,8%)

Intento suicida
Si 36 (10,2%)
No 317 (89,9%)

Familia intento suicida
No 282 (80,1%)
Si 70 (19,9%)

Funcionalidad familiar
Buena función 108 (31,6%)
Disfunción leve 39 (33,6%)
Disfunción moderada 80 (23,4%)
Disfunción severa 39 (11,4%)","Enfermedad crónica
Si 43 (12,3%)
No 308 (87,7%)

Ansiedad
Normal 183 (54,3%)
Caso probable 98 (29,1%)
Caso ansiedad 56 (16,6%)

Depresión
Normal 303 (88,9%)
Caso probable 28 (8,2%)
Caso depresión 10 (2,9%)

Riesgo suicida Beck
Ninguno 209 (59,0%)
Leve 79 (22,3%)
Moderado 17 (4,8%)
Alto 5 (1,4%)

Riesgo suicida Plutchik
Alto 292 (87,2%)","El 10,2% presentan antecedentes de intento suicida, 19,9% tenía antecedentes familiares de intento suicida, con mayor frecuencia en primas. El 31,1% y 3,7% respectivamente habían asistido previamente a consulta psicológica y psiquiátrica, el 12,3% manifestó presentar enfermedades crónicas. 84,7% no fuman y 8,8% manifiestan consumir sustancias psicoactivas, ubicándose en primer lugar el poppers con 48,4%; el 24,2% ha experimentado desengaños amorosos.","Se concluyó que ser mujer, tener una disfunción familiar severa, una decepción amorosa, antecedentes personales o familiares de intento suicida, fumar y consumir sustancias psicoactivas o padecer algún trastorno psiquiátrico como la ansiedad y la depresión mayor, aumentan el riesgo de suicidio. 

En esta investigación se encontró una relación significativa entre riesgo suicida según Plutchik con género, funcionalidad familiar y con las variables psicológicas ansiedad, depresión, tabaquismo alcoholismo, consumo de drogas, a la vez que con decepciones amorosas, antecedentes de tratamiento psicológico, familiar con intento suicida y antecedente personal de intento suicida, pero no con actividades extracurriculares, ni con práctica religiosa, ni con antecedentes de consulta psiquiátrica, ni tratamiento médico por enfermedad. Esta mayor frecuencia de factor de riesgo suicida se dio entre los jóvenes de 16 y 17 años.","-"
"Factores de riesgo de ideación suicida en una muestra de adolescentes y jóvenes colombianos autoidentificados como homosexuales","2019","Barranquilla","Estudio transversal de tipo correlacional ","Escala de Ideación Suicida Positiva y Negativa (PANSI).
Escala de HI.
"," 175 participantes","Varones adolescentes y adultos jóvenes de 14 a 27 años homosexuales. ","No describe","Suicidio ","14 - 17 años 35 (20%)
18 - 27 años 140 (80%)","19 años ","Adolescentes 
Jóvenes","No describe ","Área urbana ","Barranquilla ","No describe","Primaria completa 4 (2,3%)
Secundaria incompleta 6 (2,4%)
Secundaria incompleta 18 (10,3%)
Bachillerato 61 (34,9%)
Universitarios 82 (46,9%)
Profesional 4 (2,3%)","No describe ","No describe ","Ideación suicida
Sí 53 (30,3%)
No 122 (69,7%)

Homofobia internalizada
Alta 80 (45,7%)
Baja 90 (51,4%)

Consumo de alcohol
Sí 58 (33,1%)
No 117 (66,9%)

Consumo de sustancias psicoactivas
Sí 112 (36%)
No 63 (64%)

Tiene pareja
Sí 65 (37,1%)
No 110 (62,9%)","No describe ","El 18,4% reportó poca ideación suicida; el 24,6%, un nivel moderado y el 24%, un nivel alto. Las puntuaciones de HI oscilaron entre el mínimo y el máximo esperados. Haber sufrido abuso sexual es el principal factor asociado con ideación suicido; intervalo de confianza del 95%. Los adolescentes tuvieron 3 veces más riesgo de ideas suicidas que los adultos jóvenes. Quienes obtuvieron altas puntuaciones de HI tuvieron el doble de riesgo de ideas suicidas que quienes las tuvieron bajas."," La presente investigación identificó como factores relacionados con la ideación suicida en adolescentes y jóvenes que se identifican como homosexuales, por este orden: el abuso sexual, la edad cronológica y la HI. Estos resultados concuerdan con estudios en otros contextos como Estados Unidos, Canadá, Reino Unido y otros países industrializados. Con el fin de implementar programas preventivos y de intervención en dicha población, son necesarios más estudios que hagan énfasis en los medios familiar, sociocultural y escolar y en factores que protejan contra el riesgo de suicidio a una edad temprana.","-"
"Capital social y angustia psicológica durante el confinamiento por la enfermedad del coronavirus en Colombia","2021","Santa Marta ","Estudio observacional analítico de cohorte transversal","Escala de Capital Social Cognitivo
Índice de Bienestar - Riesgo de depresión
Escala de Ideación Suicida 
 Escala de Estrés Percibido para COVID
Escala de Insomnio de Atenas","700 personas","Personas que completaron el cuestionario ","Personas residentes en el extranjero en el momento de la pandemia","Suicidio 
Depresión
Estrés 
Insonmio","18 - 29 años 248 (35,4%)
> 29 años 452 (64,6%)","No describe ","Jóvenes 
Adultos","Soltero, separado o viudo 364 (52%)
Unión libre o casado 336 (48%)","Área urbana","Santa Marta","Femenino 476 (68%)
Masculino 224 (32%)","Escuela secundaria o menos 72 (10,3%)
Universidad o más 628 (90,7%)","No describe ","Bajo o medio bajo 420 (60%)
Medio alto o alto 280 (40%)","Riesgo elevado de suicidio
Sí 53 (7,6%)
No 647 (92,3%)

Alto estrés percibido relacionado con COVID-19
Sí 53 (7,6%)
No 647 (92,3%)

Riesgo de depresión 
Sí 428 (61,1%)
No 272 (38,9%)

Riesgo de insomnio 
Sí 294 (42%)
No 406 (58%)

Bajo capital social 
Sí 168 (24%)
No 532 (76%)","No describe","Un total de 714 personas completaron el cuestionario, de las cuales 14 (2,0%) fueron eliminadas por ser personas residentes en el extranjero en el momento de la pandemia. Se observaron edades entre 18 y 76 años.

En el análisis bivariado, la SC baja se asoció significativamente con el riesgo de depresión, el riesgo elevado de suicidio, el estrés percibido alto relacionado con la COVID-19 y el riesgo de insomnio. Todas las asociaciones siguieron siendo significativas después de ajustar por sexo y estado civil.

Una CS baja implica un acceso reducido a los recursos comunitarios durante las crisis, información adecuada y falta de apoyo para resolver las necesidades diarias y las dificultades económicas. Este contexto negativo favorece las manifestaciones de estrés agudo.","Se concluye que un SC bajo se asoció con menos malestar psicológico en esta muestra de residentes en Colombia. Por lo tanto, las estrategias encaminadas a fortalecer la CS podrían tener un efecto beneficioso sobre el bienestar psicológico de la población durante períodos de crisis.

En el presente estudio, se encontró una asociación entre SC y riesgo de depresión. Desde la perspectiva de los determinantes sociales de la salud mental, la CS se reconoce como un recurso que fomenta las relaciones sociales y el despliegue de respuestas adaptativas ante situaciones estresantes. Los entornos comunitarios cohesionados durante una crisis, como el confinamiento debido a la epidemia de COVID-19, promueven el bienestar psicológico, la adaptación y la recuperación de la salud. Asimismo, fortalece la capacidad de acceder a los servicios de salud y promover el bien común y conductas de autocuidado, que mitiguen el riesgo de contagio individual y comunitario.","-"
"Prevalencia y factores asociado a la ideación suicida en estudiantes adolescentes del Caribe Colombiano","2020","Caribe","Estudio analitíco de cohorte transversal "," Encuesta sobre Conductas de Riesgo en Jóvenes
Lista de Verificación de Síntomas
de Trauma
APGAR familiar 
Inventario de Bienestar General  ","1.462 personas","Estudiantes de décimo y undécimo grado de instituciones educativas públicas y privadas de la costa caribeña que dieron su consentimiento voluntario","No describe ","Suicidio 
","13 - 15 años 425 (29,1%)
16 - 17 años 1.037 (70,9%)","14,4 años","Adolescentes","No describe ","Área urbana","Caribe","Femenino 882 (60,3%)
Masculino 580 (39,7%)","Secundaria 1.462 (100%)","Estudiantes 1.462 (100%)","No describe ","Logro académico 
Excelente o bueno 1.012 (69,2%)
Regular o bajo 450 (30,8%)

Disfunsión familiar 
Sí 1.112 (76,1%)
No 350 (23,9%)

Riesgo de depresión 
Sí 446 (30,5%)
No 1.016 (69,5%)","No describe ","Había 1.462 adolescentes entre 13 y 17 años. La Tabla 1 reporta otras variables sociodemográficas e interesantes. El análisis bivariado mostró que los antecedentes de violencia sexual, disfunción familiar y riesgo de depresión se asociaron con la ideación suicida. En el proceso de ajuste de variables demográficas, la ideación suicida mantuvo una asociación significativa con disfunción familiar, riesgo de depresión, violencia sexual y bajo rendimiento académico.","La ideación suicida es una fase inicial de la conducta suicida y es un fenómeno relacionado con múltiples factores predisponentes y desencadenantes. Es necesario resaltar la importancia de la función familiar como factor protector de la ideación suicida en adolescentes. Desde esta perspectiva, la familia como eje central y de apoyo del desarrollo de la madurez emocional de los adolescentes es una de las fuentes primarias para la consolidación de relaciones basadas en el apoyo, el apoyo mutuo y la cooperación de sus miembros. La adecuada función familiar proporciona modelos adaptativos para el control de los impulsos y el afrontamiento del malestar psicológico y, en consecuencia, favorece el bienestar mental y reduce las conductas suicidas. Asimismo, un buen funcionamiento familiar es un factor protector ante situaciones adversas, como la violencia sexual, que puede desencadenar en la presentación de ideación suicida.","-"
"Fatalismo, regulación emocional y riesgo de suicidio en adultos colombianos durante la epidemia de enfermedad SAR-Cov-2","2024","Caribe ","Estudio transversal "," Escala de Regulación Emocional
Cuestionario de fatalismo ante el COVID-19
Escala de Depresión","435 personas","Personas mayores de edad residentes en el territorio colombiano","No describe ","Suicidio ","18 - 79 años 435 (100%)","35,3 años ","Jóvenes
Adultos 
Adulto mayor","Soltero 243 (55,9%)
Separado o viudo 192 (44,1%)","Área urbana 
Área rural ","Caribe ","Femenino 307 (70,6%)
Masculino 128 (29,4%)","Secundaria o menos 43 (9,9%)
Universidad o más 292 (90,1%)","No describe ","No describe ","Preocupaciones fatales frecuentes
Sí 224 (51,5%)
No 211 (48,5%)

Muchas consecuencias fatales 
Sí 83 (19,1%)
No 352 (80,9%)

Regulación con claridad y conciencia 
Bajo 128 (29,4%) 
Alto 307 (70,6%)

Regulación sobre aceptación y objetivos
Bajo 171 (39,3%)
Alto 264 (60,7%)

Riesgo de suicidio
Elevado 42 (9,7%)
Bajo 393 (90,3%)","No describe ","Participaron 435 adultos, entre 18 y 79 años (M = 35.3) el 70% corresponde al género femenino, el 90% tiene formación universitaria, el 55.9% son solteros, el 92.6% vive en zona rural y el 5.3% de los participantes presentó una riesgo de suicidio.

En el análisis bivariado se observó que el alto riesgo de suicidio se asoció significativamente con la residencia en zona rural, escolaridad primaria o secundaria, baja regulación emocional y altas creencias fatalistas esperadas debido a la infección por SAR-CoV-2. Tanto en la dimensión de la escala de regulación como en la de fatalismo, se encontró una interacción crítica entre vivir en una zona rural y tener menos educación (secundaria o menos). Mostró una relación estadísticamente significativa con un riesgo elevado de suicidio.

","El presente estudio aporta información a la interacción de algunos factores asociados a la ideación suicida, hasta la fecha, poco abordados en un contexto de pandemia por SAR-CoV-2. En este sentido, los hallazgos contribuyen a proporcionar datos empíricos que contribuyen al diseño e implementación de programas adaptados a las condiciones culturales y sociales de las comunidades rurales y urbanas en la atención primaria de salud mental, ayudando a mitigar el riesgo de suicidio y la conducta suicida posterior.

En conclusión, el 5,3% de la población presenta un riesgo elevado de suicidio. Se asoció con educación secundaria o menos, vivir en zonas rurales, creencias fatalistas y desregulación emocional en la población colombiana durante el confinamiento obligatorio por SAR-CoV-2.","-"
"Asociación entre comportamiento suicida en jóvenes y el uso de cannabis y tranquilizantes, depresión, agresión y otras características de la personalidad, entre estudiantes de Sincelejo, Colombia","2021","Sincelejo","Estudio transversal ","Inventario de Evaluación de la Personalidad para Adolescentes 
","352 personas","Estudiantes elegidos entre dos escuelas entre 12 y 18 años y cuyos padres dieron su consentimiento para su participación","Estudiantes que no fueron elegidos para participar en el proyecto o cuyos padres no dieran si consentimiento ","Suicidio 
Depresión ","12 años 37 (10,5%)
13 años 42 (11,9%)
14 años 45 (12,7%)
15 años 83 (23,5%)
16 años 51 (14,4%)
17 años 51 (14,4%)
18 años 40 (11,3%)
 
","15 años","Adolescentes","No describe ","Área urbana ","Sincelejo","Femenino 166 (47,2%)
Masculino (52,8%)","Secundaria 352 (100%)","Estudiantes 352 (100%)","No describe ","Tabaco 48 (13,6%)
Alcohol 115 (32,6%)
Canabis 8 (2,3%)
Cocaína 2 (0,6%)
Anfetaminas 3 (0,8%)
Inhalantes 3 (0,8%)
Sedantes 10 (2,8%)
Alucinógenos 1 (0,3%)
Opioides 1 (0,3%)
Otras drogas ilegales 2 (0,6%)","No describe ","Más de la mitad de los participantes en el estudio (54,8%, n = 193) informaron haber consumido alguna sustancia al menos una vez en su vida. De estas sustancias, las más frecuentes fueron el alcohol (32,6%), el tabaco (13,6%), los sedantes (2,8%) y el cannabis (2,3%). Aparte de estas 4 sustancias, el consumo de alguna de las otras sustancias enumeradas a lo largo de la vida fue inferior al 1% de la muestra. En general, no hubo diferencias en los porcentajes de estudiantes hombres y mujeres o estudiantes de escuelas públicas o privadas que alguna vez habían consumido una de las sustancias detalladas en la escala ASSIST. La única diferencia que se observó fue que 1 de cada 2 estudiantes que asisten a escuelas privadas (50,0%) informó haber consumido alcohol alguna vez, mientras que sólo 1 de cada 4 estudiantes (25,4%) de escuelas públicas informó haber consumido alcohol.

Las niñas reportaron niveles significativamente más altos de depresión afectiva que los niños. Además, las niñas informaron actitudes agresivas significativamente más altas y puntuaciones de agresividad verbal que los niños.","Entre los jóvenes de Sincelejo, Colombia, el uso de cannabis, tranquilizantes, así como los niveles de componentes de depresión, agresión y rasgos límite de personalidad se asociaron con los niveles reportados de conductas suicidas. Además, la clase social se asocia con sus niveles de conductas suicidas. Se necesita una investigación longitudinal más sólida en esta área para identificar relaciones causales entre estos factores y las conductas suicidas de los jóvenes de Sincelejo.","-"
"Comportamiento epidemiológico del intento suicida en adolescentes colombianos años 2016-2019: Un estudio ecológico","2022","Tunja ","Estudio cuantitativo, de tipo observacional descriptivo y ecológico ","Sistema Integrado de Información de la Protección Social (SISPRO) de Colombia entre los años 2016 y 2019","32.076 personas","Casos de intento de suicidio reportados y registrados por el SISPRO que involucran a adolescentes de sexo masculino y femenino en edades entre los 12 y 17 años, en los periodos 2016 y 2019 ","Resportes con información incompleta en las bases de datos","Suicidio ","12 - 17 años 32.076 (100%)","No describe ","Adolescentes","No describe ","Área urbana
Área rural","Tunja ","Femenino 24.619 (76,7%)
Masculino 7.457 (23,3%)","No describe ","No describe ","No describe ","Víctima de violencia armada 133 (0,41%)
A cargo del ICBF  397 (1,24%)
Migrantes 131 (0,41%)
Población indigente 26 (0,08%)
Discapacidad 51 (0,16%) 
Desplazados 286 (0,89%)
Desmovilizados 10 (0,03%) 
Carceleria 32 (0,10%) 
Gestantes 268 (0,84%)
En centro psiquiátricos 676 (2,11%) ","No describe ","Se analizaron un total de 32.076 reportes de intento de suicidio de adolescentes de 12 a 17 años en Colombia, entre los años 2016 y 2019, reportes que presentan una tendencia constante de aumento y se presentan con mayor frecuencia en adolescentes de sexo femenino (n: 24.619; 76,7%). Este evento de interés en Salud Pública se presentó con mayor frecuencia en adolescentes de 15 a 17 años (n: 6.797 - 21%; n: 6.694 - 21% y n: 6.565 - 20%, respectivamente), y el tipo de régimen más frecuente es el subsidiado (n: 17.960; 56%).

Las condiciones de vulnerabilidad más frecuentes son el estar en centros psiquiátricos (n: 676; 2,11%) y el estar a cargo del Instituto Colombiano de Bienestar Familiar (ICBF) (n: 397; 1,24%), por su parte, el área de residencia más frecuente es la cabecera municipal (n: 25.455; 79%). El vivir en la cabecera municipal se asocia como factor de riesgo de desarrollo de intento de suicidio en adolescentes y el ser hombre como factor protector de desarrollo de intento de suicidio en adolescentes.","El intento suicida está en constante aumento, manifestándose significativamente en el sexo femenino y en adolescentes entre 15 a 17 años, correspondientes al régimen subsidiado, de pertenencia étnica negra, mulata y afrocolombiana, además de estar residenciados en la cabecera municipal. Con relación a las condiciones de vulnerabilidad, las más frecuentes son el estar en centros psiquiátricos y a cargo del ICBF. Mientras tanto, el pertenecer al género masculino representa un factor protector que disminuye el intento suicida en adolescentes. Cabe considerar, por otra parte, que en Colombia el intento suicida como evento de interés en Salud Pública se vigila desde el año 2016, por lo cual es muy reciente. 

Sin embargo, es posible observar a partir de ese momento un aumento gradual de la tasa de incidencia nacional. Finalmente, se ha evidenciado que el profesional de Enfermería posee la capacidad para establecer relaciones terapéuticas con adolescentes en riesgo de ideación suicida, además de representar un agente activo en la identificación y evaluación de necesidades, con capacidad de escucha para obtener información que permita mejorar la comprensión y la atención en salud, posibilitando la implementación de primeros auxilios psicológicos y la participación en actividades de psicoterapia.
","-"
"Asociación entre apego y riesgo suicida en adolescentes escolarizados de Colombia","2019","Santa Marta ","Estudio observacional de cohorte transversal con componente analítico ","Escala de Riesgo Suicida de Plutchik
Inventario de Apego con Padres o Pares –IPPA 
","339 personas ","Adolescentes escolarizados de noveno, decimo y undécimo grado
 Estudiantes que informaron contar con una figura paterna o materna, o alguna otra persona que cumpla el rol de cuidador.
","Estudiantes con inasistencia a clases el día de la aplicación, deseo de no participación, retiro en cualquier momento del estudio, y falta del consentimiento informado firmado por padre o tutor.","Suicidio ","13 - 17 años 314 (92,9%)
18 - 19 años 24 (7,1%)","16,3 años","Adolescentes
Jóvenes","No describe ","Área urbana ","Santa Marta","Femenino 196 (57,8%)
Masculino 143 (42,2%)","Básica secundaria 251 (74%)
Media vocacional 88 (26%)","Estudiantes 339 (100%)","No describe ","Trabajar 
Sí 62 (18,2%)
No 277 (81,7%)

Victimización 
Sí 98 (28,9%)
No 241 (71,9%)

Comunicación madre
Baja 194 (57,2%)
Alta 145 (42,8%)

Alienación madre
Baja 186 (54,9%)
Alta 153 (45,1%)

Confianza padre
Baja 157 (46,3%)
Alta 182 (53,7%)

Comunicación padre
Baja 166 (49%)
Alta 173 (51%)

Alienación padre
Baja 165 (48,7%)
Alta 174 (51,3%)

Riesgo suicida
Bajo 242 (71,1%)
Alto 97 (28,6%)","No describe ","Se contó una muestra final de 339 adolescentes, 42,2% adolescentes de género masculino y 57,8% de género femenino (M=16,3). El análisis entre las dimensiones de apego con madre y el riesgo suicida indicó que en adolescentes con alto riesgo suicida es frecuentemente la baja confianza, baja comunicación con la madre, así como alta alienación con la madre. Estas asociaciones se conservaron en el rango significativo al ajustarlas por género y victimización. Respecto a las dimensiones de apego con padre, se registró en el análisis que adolescentes con alto riesgo suicida presentaban baja confianza, comunicación y alienación con el padre.","Como se observa, algunas dimensiones del apego se asocian a comportamientos suicidas, en consecuencia, es de relevancia este factor en el estudio del riesgo para suicidio en adolescentes. La compleja configuración de factores predictores de los comportamientos suicidas requiere considerar variables mediadoras ante la ausencia de asociación. De la misma forma, es importante reconocer las características culturales en la formación del apego, debido a los diferentes patrones de crianza que modifican la confianza, comunicación y alienación entre padres e hijos. 

Se concluye que la baja confianza y baja comunicación con madre y padre son factores de riesgo para el alto riesgo suicida en adolescentes escolarizados de Santa Marta, Colombia, con necesidades básicas insatisfechas. Es necesario ampliar la investigación de esta asociación en otras poblaciones, así como considerar otros factores mediadores.","-"
"Alta prevalencia de dos o más intentos de suicidio asociados con ideación suicida y enfermedad mental en Colombia en 2016.","2016","Bogotá","Estudio transversal 
descriptivo","Sistema de Vigilancia de Salud Pública (SIVIGILA) del Instituto Nacional de Salud","18.763 personas","Sistema de Vigilancia de Salud Pública (SIVIGILA) del Isntituto Nacional de Salud. ","Falta de infomación relevante como edad, sexo y número de intentos de suicido. ","Suicidio ","0 - 10 años 123 (0.7%) 
11 - 20 años 8.603 (45,9%) 
21 - 30 años 5.491 (29.3%) 
31 - 40 años 2.450 (13,1%) 
>40 años (2.096 (11.2%)","25 años","Niños 
Adolescentes 
Jóvenes 
Adultos ","No describe","Área urbana
Área rural","Bogotá","Femenino: 11.738 (62,6%)
Masculino 7.025 (37.4%)","No describe","No describe","No describe","Problemas de pareja 7.418 (39.5%)
Diagnóstico de enfermedad grave 514 (2,7%)
Problemas económicos 12 (0,1%)
Problemas legales 3.920 (20.9%)","Depresión 6.673 (35.6%)
Trastorno afectivo bipolar 516 (2,8%)
Esquizofrenia 323 (1,7%)
Otros trastornos afectivos 1.800 (9.6%)
Otros trastornos psiquiátricos 2.419 (12,9%)","Del total de reportes, 11.738 (62,6%) corresponden al sexo femenino; la media de edad fue 25,0 (IC95%, 24,9-25,2) años; el 46% de todos los casos corresponden a personas entre 10 y 20 años. Refirieron 2 o más intentos de suicidio 5.734 (30,6%). Las prevalencias de alguna enfermedad mental y de ideación suicida persistente fueron del 48,5 y el 16,4% respectivamente.","Los pacientes con ideación suicida persistente tienen una probabilidad 4 veces mayor de hacer 2 o más intentos suicidas. Otros factores, como el uso de arma cortopunzante como mecanismo para ejecutar el intento y el antecedente de trastorno afectivo bipolar y/o depresión, también se asociaron con más de 1 intento de suicidio.","-"
"Impacto del confinamiento por la pandemia del COVID-19 en la tendencia suicida en el Eje Cafetero de Colombia","2023","Pereira","Estudio cuantitativo descriptivo transversal "," Instituto Nacional de Medicina Legal y Ciencias Forenses","1.022 personas ","Personas que se suicidaron en el Eje Cafetero de Colombia ","No describe ","Suicidio","18 - 23 años 511 (50%)
24 - 53 años 511 (50%)
","34 años ","Jóvenes
Adultos 
","Casado 612 (15,90%) 
Separado 59 (5,80%)
Sin información 62 (6,10%)
Soltero 515 (50,40%)
Unión libre 206 (20,20%)
Viuda 18 (1,80%)","Área urbana ","Pereira","Femenino 173 (16,90%)
Masculino 849 (83,10%)","Primaria 289 (28,3%)
Secundaria 504 (49,3%) 
Ninguno 26 (2,5%)","No describe ","No describe ","Causa de muerte 
Colgante 701 (68,6%)
Intoxicación o envenenamiento 122 (11,9%)
Arma de fuego 114 (11,2%)
Caer desde las alturas 38 (3,7%)
Arma afilada 27 (2,6%)
Otros 20 (2%)","No describe ","Se estudiaron 1.022 casos de suicidio, de los cuales el 83,1% (n = 849) fueron hombres y el 16,9% (n = 173) mujeres. La edad media fue de 34 años y la mitad de los casos se encontraban en el grupo de entre 23 y 53 años. Casi la mitad (49,3%) tenía como beca el Bachillerato, la media de años de estudio fue de 9 años y el 30% de los casos tenía antecedente de enfermedad mental. El método más utilizado para suicidarse fue el ahorcamiento. en el 68% de los casos y además fue el método más utilizado para hombres (69,4%) y para mujeres 64,7%.


","La mayoría de los casos fueron entre varones adultos y existe una relación inversamente proporcional entre años de estudio y suicidio. 

La tendencia suicida fue en aumento hasta 2020, sin embargo, en el período de confinamiento se encontró una disminución para ambos sexos, tal vez debido al papel de la familia, pero se necesitan más estudios para aclarar la razón. En el período posterior al confinamiento, hubo un aumento en la tendencia suicida para los hombres y una disminución continua para las mujeres, pero solo el último fue estadísticamente significativo.","-"
"Riesgo de suicidio durante el confinamiento por la enfermedad por coronavirus (COVID-19) en Colombia","2020","Santa Marta ","Estudio transversal ","Escala de riesgo de suicidio 
Escaa de riesgo de espisodio depresivo, insomnio y estrés percibido relacionado con COVID-19
","700 personas","Personas que completaron el cuestionario ","Residentes fuera de Colombia ","Suicidio 
Depresión
Estrés 
Insonmio","18 - 76 años 700 (100%)","37 años ","Jóvenes
Adultos
Adulto mayor","Soltero/separado/viudo 364 (52%)
Unión libre/casado 336 (48%)","Área urbana ","Santa Marta","Femenino 476 (68%)
Masculino 224 (32%)","Escuela secundaria o menos 72 (10,3%)
Universidad o más 628 (89,7%)","No describe ","Bajo o medio bajo 420 (60%)
Medio alto o alto 280 (40%)","Alto riesgo de suicidio
Sí 53 (7,6%)
No 647 (92,3%)

Alto estrés percibido relacionado con COVID-19
Sí 53 (7,6%)
No 647 (92,3%)

Riesgo de depresión 
Sí 428 (61,1%)
No 272 (38,9%)

Riesgo de insomnio 
Sí 294 (42%)
No 406 (58%)","No describe","Un total de 714 personas completaron el cuestionario; sin embargo, se excluyeron 14 de ellas que reportaron residir fuera de Colombia, resultando una muestra final de 700 personas residentes en Colombia. Las edades de los participantes estaban entre 18 y 76 años. 248 (35.4%) eran adultos emergentes y 442 (64.6%) tenían 30 años o más. 

El análisis presentó que alto PSS-COVID-19, Riesgo de episodio depresivo e insomnio se asociaron con alto riesgo de suicidio. Solo la adultez emergente se relacionó significativamente con alto riesgo de suicidio.

Por otro lado, el estado civil soltero, separado o viudo no se asoció con un alto índice de suicidio. El alto estrés percibido relacionado con COVID-19, el riesgo de episodio depresivo y el riesgo de insomnio se mantuvieron en el rango de significación estadística, incluso después de ajustar por edad y estado civil.","Nuestro estudio sugiere que 1 de cada 13 colombianos en una muestra no probabilística reporta un alto riesgo de suicidio durante el confinamiento por COVID-19. El alto riesgo de ideación suicida se asoció con un alto estrés percibido relacionado con COVID-19, riesgo de episodios depresivos e insomnio. Estos hallazgos necesitan ser corroborados en una muestra representativa de colombianos.","-"
"Validación de la Escala de Desesperanza de Beck en pacientes con riesgo suicida","2016","Bucaramanga ","Estudio de validación de prueba diagnóstica","Escala de Desesperanza de Beck
","244 personas","Personas que consultaron por urgencias o por consulta externa del Instituto del Sistema Nervioso de Oriente (ISNOR)","Pacientes que no fue posible contactarlos","Suicidio","12 - 25 años 106 (43,44%)
26 - 45 años 101 (41,39%)
45 - 65 años 37 (15,16%)","30 años ","Adolescentes 
Jóvenes
Adultos 
Adulto mayor","Soltero 113 (46,50%)
Casado 59 (24,28%)
Unión libre 38 (15,64%)
Viudo 3 (1,23%)
Separado 30 (12,35%)","Área urbana ","Bucaramanga ","Femenino 155 (63,52%)
Masculino 89 (36,48%)","Ninguno 3 (1,27%)
Primaria 79 (33,33%)
Bachillerato 97 (40,93%)
Técnico-auxiliar 23 (9,70%)
Tecnología 7 (2,95%)
Pregrado 20 (8,44%)
Posgrado 8 (3,38%)","Estudiante 65 (25,75%)
Empleado 111 (45,68%)
Desempleado 36 (14,81%)
Trabajo temporal 2 (0,82%)
Ama de casa 15 (6,17%)
Jubilado 3 (1,23%)
Otros 11 (4,53%)","Bajo 68 (30,22%)
Medio 147 (65,33%)
Alto 10 (4,44%)
","Tener hijos 128 (52,89%)
Homosexual-bisexual 8 (3,28%)
Consumo de alcohol 134 (54,92%)
Sustancias ilegales 32 (13,17%)
Fumador actual 58 (23,87%)
Antecedente intentos suicidas 97 (39,75%)
Antecedente familiar de suicidio 73 (30,04%)
Enfermedad terminal 13 (5,33%)
Duelo reciente 8 (3,28%)
Pérdida de empleo 38 (15,64%)
Problemas legales 10 (4,10%)
Problemas familiares o de pareja 163 (66,80%)
Alivio por no completar suicidio 180 (73,77%)
Asuntos pendientes 201 (82,38%)
Baja autoestima 45 (18,44%)
Impulsividad 127 (52,05%)
Desesperanza 38 (15,57%)","Trastorno depresivo mayor 128 (53,56%)
Trastorno adaptativo 38 (15,90%)
Trastorno bipolar II 37 (15,58%)
Trastorno bipolar I 10 (4,18%)
Otros 26 (10,92%)","Se entrevistaron 258 pacientes, de los cuales 14 quedaron fuera del estudio por cumplir criterios de exclusión; 244 aceptaron participar voluntariamente en el estudio; 67 pacientes no concluyeron el estudio porque no fue posible contactarlos. 

La mayoría fueron mujeres, lo cual es esperado dado que es la población que más consulta; la edad promedio fue de 30 años. Se encontraron 4 dimensiones que explican el 50% de la varianza. Tuvo una correlación positiva con el Cuestionario de Comportamiento Suicida, número de intentos suicidas y severidad del riesgo suicida. La correlación con el Inventario de Razones para Vivir fue negativa.","Se encontró una validez predictiva negativa alta, lo cual hace que esta escala sea útil en servicios de consulta externa y urgencias dado que con una alta probabilidad el paciente que puntúe menor de 12 no intentará suicidarse en los próximos 30 días.

El hallazgo de validez predictiva positiva baja y por ende mayor probabilidad de falsos positivos hace que sea necesaria una valoración por experto previo a tomar cualquier medida con el paciente. Sin embargo, no quiere decir que la escala no sea útil como medida inicial para la valoración del riesgo suicida.

La Escala de Desesperanza de Beck en pacientes colombianos con suicidabilidad presenta unas dimensiones similares a la versión original, con adecuada confiabilidad y moderada validez, tanto concurrente como predictiva.","-"
"Factores de riesgo de ideación suicida en una muestra de adolescentes y jóvenes colombianos autoidentificados como homosexuales","2019","Barranquilla","Estudio transversal de tipo correlacional ","Escala de Ideación Suicida Positiva y Negativa (PANSI)
Escala de HI
"," 175 personas","Varones adolescentes y adultos jóvenes de 14 a 27 años homosexuales","No describe","Suicidio ","14 - 17 años 35 (20%)
18 - 27 años 140 (80%)","19 años ","Adolescentes 
Jóvenes","No describe ","Área urbana ","Barranquilla ","No describe","Primaria completa 4 (2,3%)
Secundaria incompleta 6 (2,4%)
Secundaria incompleta 18 (10,3%)
Bachillerato 61 (34,9%)
Universitarios 82 (46,9%)
Profesional 4 (2,3%)","No describe ","No describe ","Ideación suicida 53 (30,3%)
Homofobia internalizada alta 80 (45,7%)
Consumo de alcohol 58 (33,1%)
Consumo de sustancias psicoactivas 112 (36%)
Pareja 65 (37,1%)
","No describe ","El 18,4% reportó poca ideación suicida; el 24,6%, un nivel moderado y el 24%, un nivel alto. Las puntuaciones de HI oscilaron entre el mínimo y el máximo esperados. Haber sufrido abuso sexual es el principal factor asociado con ideación suicido; intervalo de confianza del 95%. Los adolescentes tuvieron 3 veces más riesgo de ideas suicidas que los adultos jóvenes. Quienes obtuvieron altas puntuaciones de HI tuvieron el doble de riesgo de ideas suicidas que quienes las tuvieron bajas."," La presente investigación identificó como factores relacionados con la ideación suicida en adolescentes y jóvenes que se identifican como homosexuales, por este orden: el abuso sexual, la edad cronológica y la HI. Estos resultados concuerdan con estudios en otros contextos como Estados Unidos, Canadá, Reino Unido y otros países industrializados. Con el fin de implementar programas preventivos y de intervención en dicha población, son necesarios más estudios que hagan énfasis en los medios familiar, sociocultural y escolar y en factores que protejan contra el riesgo de suicidio a una edad temprana.","-"
"Principales causas de intoxicación aguda en un servicio de emergencia: experiencia entre 2014 y 2021 en un Hospital Universitario del Suroccidente de Colombia
","2024","Cali ","Estudio descriptivo transversal","Historia Clínica ","406 personas","Personas mayores de 17 años con diagnóstico de introxicación por drogas, alcohol, disolventes orgánicos o sustancias corrosivas","No describe ","Suicidio "," > 17 años 406 (100%)","31 años ","Adolescentes
Jóvenes
Adultos","No describe ","Área urbana 
Área rural","Cali ","Femenino 178 (43,8%)
Masculino 228 (56,2%)
","No describe ","No describe ","No describe ","Pesticidas 139 (34,2%) 
Medicamentos 130 (32,0%)
Sustancias químicas 36 (8,9%)
Drogras psicoactivas 29 (7,1%)
Alcoholes 22 (5,4%)
Venenos 15 (3,7%)
Gases tóxicos 14 (3,4%)
Solventes 11 (2,7%)
Alimento 9 (2.2)
Metales 4 (1,0%)
","Trastornos mentales
 79 (19,5%)Enfermedades cardiovasculares
 51 (12,6%)Trastornos neurológicos 25 (6,2%)
Hipotiroidismo 15 (3,7%)
Diabetes 12 (3%)
Enfermedades gastrointestinales 11 (2,7%)
Enfermedades renales 9 (2,2%)
Cáncer 8 (2,0%)
Inmunosupresión 3 (0,7%)","Se incluyeron 406 pacientes. El 56,2% de los pacientes fueron hombres. La mediana de edad fue de 31 año. El lugar de ocurrencia más frecuente fue el domicilio en 70,19%. El 81% de los casos provinieron del área urbana. La vía oral fue la vía de intoxicación más común (81%). Las enfermedades mentales fueron el antecedente médico más común seguido de las enfermedades cardiovasculares y neurológicas. Los pacientes aceptados de hospitales de primer nivel representaron el 84,5%.

El grupo de sustancias involucradas fueron principalmente plaguicidas (34,2%), seguido de medicamentos (32%) y sustancias químicas (8,9%). En 117 pacientes se obtuvo un electrocardiograma. Solo el 41,9% presentó alguna alteración sin especificar qué tipo de hallazgos.

La intención suicida y la exposición ocupacional se presentaron con mayor frecuencia en las áreas de origen rural, especialmente en hombres. En las áreas urbanas, los tipos de exposición más frecuentes fueron la intención suicida y la no intencional, especialmente en mujeres.
","En nuestro estudio, las principales causas de intoxicación aguda fueron medicamentos y plaguicidas, con una etiología predominante de organofosforados y depresores del sistema nervioso central. Se encontró un predominio significativo de pacientes varones jóvenes con intención suicida, trastornos mentales leves, tasa elevada de desempleo y mortalidad similar a la reportada en otros estudios. Este estudio mejora el conocimiento sobre intoxicaciones agudas en el suroccidente colombiano para realizar estudios analíticos multicéntricos.","-"
